Epoch,D_Loss,G_Loss
2,-0.000238,0.001436
3,-0.000211,0.001522
4,-0.000207,0.001513
5,-0.000282,0.001381
6,-0.00023,0.001375
7,-0.000212,0.001372
8,-0.00022,0.001371
9,-0.000213,0.001373
10,-0.000206,0.00137
11,-0.000189,0.001381
12,-0.000155,0.001445
13,-0.000118,0.001456
14,-8.7e-05,0.001457
15,-0.000221,0.001399
16,-0.000198,0.00136
17,-0.000184,0.001359
18,-0.000171,0.001357
19,-0.000162,0.001357
20,-0.000156,0.001358
21,-0.000183,0.001361
